{"maxX":{"0":450000,"1":500000},"maxY":{"0":50000,"1":50000},"minX":{"0":400000,"1":450000},"minY":{"0":0,"1":0},"timeseries.dates":{"0":[1288569600000,1296518400000,1304208000000,1312156800000,1320105600000,1328054400000,1335830400000,1343779200000,1351728000000,1359676800000,1367366400000,1375315200000,1383264000000,1391212800000,1398902400000,1406851200000,1414800000000,1422748800000,1430438400000,1438387200000,1446336000000,1454284800000,1462060800000,1470009600000,1477958400000,1485907200000,1493596800000,1501545600000,1509494400000,1517443200000,1525132800000,1533081600000,1541030400000],"1":[1288569600000,1296518400000,1304208000000,1312156800000,1320105600000,1328054400000,1335830400000,1343779200000,1351728000000,1359676800000,1367366400000,1375315200000,1383264000000,1391212800000,1398902400000,1406851200000,1414800000000,1422748800000,1430438400000,1438387200000,1446336000000,1454284800000,1462060800000,1470009600000,1477958400000,1485907200000,1493596800000,1501545600000,1509494400000,1517443200000,1525132800000,1533081600000,1541030400000]},"timeseries.averages":{"0":[-4.6981563096,-12.6727983414,null,null,-2.8033179939,-37.9924324936,null,-5.3099331197,-14.3670377507,-12.672265474,-2.8819008714,43.3981480913,-4.7358005258,null,-57.5128160357,null,-12.598333485,null,null,null,-7.6586042062,null,-28.4752998614,-37.4308380413,-36.5522632618,-25.2545776645,null,null,-64.3613726824,-8.38611286,null,null,-36.9599211916],"1":[24.091777115,-3.029336387,-31.3164164108,-18.5933487807,null,-42.8203003526,-39.0847477372,3.2351050568,null,null,-23.7143164841,-8.9528487749,null,null,-10.1977828759,-4.6306364648,null,-21.0222574135,-27.805035142,8.7918475742,15.364729474,null,-14.3875332582,-10.4817194629,null,null,-39.2989864729,-2.9132252636,19.2843157574,null,-16.1935174088,-2.4363813863,-10.9276574453]},"timeseries.medians":{"0":[-2.3360670678,-12.6454277989,null,null,-2.7587271595,-38.0889733254,null,-5.3785347619,-14.1847802887,-12.672265474,-3.4407392498,43.3381336971,-5.0745566516,null,-57.6751711399,null,-12.5977631832,null,null,null,-7.1006305085,null,-28.4752998614,-53.9283721373,-25.3545481622,-26.6403938425,null,null,-50.2378332177,4.5253775006,null,null,-23.8693423367],"1":[24.1871597238,-3.029336387,-15.3983208717,-21.7402549738,null,-43.8837750589,-29.3130870275,3.3641538828,null,null,-23.9738790194,-7.0202845227,null,null,-5.7796967271,-1.7443970049,null,-21.1837352804,-23.6520722103,5.4811821124,7.3352128091,null,-17.760637644,-8.4508482366,null,null,-25.2124721535,-3.6042059128,16.7243224582,null,-23.8105005817,-4.5029771153,-7.5056621203]},"timeseries.change":{"0":[0.0,-7.9746420318,null,null,1.8948383157,-33.294276184,null,-0.61177681,-9.6688814411,-7.9741091644,1.8162554382,48.0963044009,-0.0376442162,null,-52.814659726,null,-7.9001771754,null,null,null,-2.9604478966,null,-23.7771435518,-32.7326817317,-31.8541069521,-20.5564213549,null,null,-59.6632163727,-3.6879565504,null,null,-32.261764882],"1":[0.0,-27.121113502,-55.4081935258,-42.6851258957,null,-66.9120774677,-63.1765248522,-20.8566720582,null,null,-47.8060935991,-33.04462589,null,null,-34.2895599909,-28.7224135799,null,-45.1140345285,-51.8968122571,-15.2999295408,-8.727047641,null,-38.4793103733,-34.5734965779,null,null,-63.390763588,-27.0050023786,-4.8074613576,null,-40.2852945238,-26.5281585013,-35.0194345604]},"timeseries.power":{"0":[-0.3235059323,-5.2699262143,null,null,-1.2997295913,-22.011036788,null,-1.6876805249,-5.4853940861,-12.672265474,-0.6961444733,19.5160540723,-1.5679189557,null,-20.7236810549,null,-4.6408234134,null,null,null,-1.6874827714,null,-21.8659730459,-9.4335524548,-11.7336048417,-15.07939818,null,null,-16.0603971877,1.79413506,null,null,-8.3693779076],"1":[22.1742476603,-2.6955193901,-8.1895865005,-4.5895285399,null,-14.0762816146,-8.9127200716,0.4314098928,null,null,-4.6260125441,1.249890655,null,null,-0.9920258649,0.0330298513,null,-9.7872498751,-5.1605207107,1.1818350619,2.1618034561,null,-4.3613858908,-0.744184805,null,null,-14.2674363806,-0.4724320367,1.1980243415,null,-4.9491547191,0.6281380792,-3.21409582]},"timeseries.coh":{"0":[-1.1852129755,-10.6128959539,null,null,-2.3896920565,-30.5197842861,null,-4.7664210707,-12.7048405924,-12.672265474,-2.4285055051,41.423211842,-3.9392001364,null,-45.4415814602,null,-10.0247419874,null,null,null,-6.8591451298,null,-24.9518637037,-20.8225991656,-29.3330338534,-23.6616765428,null,null,-43.5455352382,-5.4244661271,null,null,-28.6091847747],"1":[22.6012575863,-2.8080755194,-25.2395986735,-17.9545286135,null,-34.3653914909,-32.2235862256,2.5304817118,null,null,-21.8758762458,-7.8820035073,null,null,-6.5093567418,-2.9148102262,null,-12.9147893271,-24.578560191,3.9406918451,4.8731691588,null,-13.7537865558,-4.6402634683,null,null,-36.6148603005,-3.132954865,8.0083044279,null,-15.4916930473,-1.9813166783,-9.0740253595]},"timeseries.powercoh":{"0":[-0.7543594555,-7.9414110779,null,null,-1.8447108515,-26.265410537,null,-3.2270507814,-9.0951173079,-12.672265474,-1.562325004,30.4696323942,-2.7535595528,null,-33.0826311031,null,-7.3327826957,null,null,null,-4.2733139919,null,-23.4089179295,-15.1280757563,-20.5333193455,-19.3705374459,null,null,-29.8029660775,-1.8151654833,null,null,-18.4892812964],"1":[22.3877528636,-2.7517973929,-16.7145924508,-11.2720285118,null,-24.2208365817,-20.5681530025,1.4809457998,null,null,-13.250944488,-3.3160562099,null,null,-3.7506913181,-1.4408902041,null,-11.3510194615,-14.8695404226,2.561263458,3.517486332,null,-9.0575862309,-2.6922241335,null,null,-25.4411486052,-1.802693468,4.6031643982,null,-10.220423933,-0.6765892991,-6.1440606428]}}